[
{
    "model": "shared_models.cruise",
    "pk": 1,
    "fields": {
        "institute": 2,
        "mission_number": "PEI2018RAMSEY",
        "mission_name": "Aaron Ramsay Coastal Samples",
        "description": null,
        "chief_scientist": "Aaron Ramsay",
        "samplers": null,
        "start_date": "2018-02-07T00:00:00-04:00",
        "end_date": "2018-07-11T00:00:00-03:00",
        "probe": 2,
        "area_of_operation": "Prince Edward Island",
        "number_of_profiles": 132,
        "meds_id": null,
        "notes": "Aaron telephone number: 902-314-0611; Data was collected using a variety of different probes; Bottle depth measurement is approximate (+/- 0.5m)",
        "season": 2018,
        "vessel": null
    }
},
{
    "model": "shared_models.cruise",
    "pk": 2,
    "fields": {
        "institute": 1,
        "mission_number": "PER2018041",
        "mission_name": "Northumberland Strait Survey",
        "description": null,
        "chief_scientist": "Amelie Rondeau",
        "samplers": "Natalie Asselin",
        "start_date": "2018-07-10T00:00:00-03:00",
        "end_date": "2018-07-30T00:00:00-03:00",
        "probe": 1,
        "area_of_operation": "Northumberland Strait",
        "number_of_profiles": 101,
        "meds_id": "18MU18041",
        "notes": null,
        "season": 2018,
        "vessel": 1
    }
},
{
    "model": "shared_models.cruise",
    "pk": 3,
    "fields": {
        "institute": 1,
        "mission_number": "PER2018042",
        "mission_name": "Snow Crab Tagging (Perley)",
        "description": null,
        "chief_scientist": "Renee Allain",
        "samplers": null,
        "start_date": "2018-08-13T00:00:00-03:00",
        "end_date": "2018-08-21T00:00:00-03:00",
        "probe": 1,
        "area_of_operation": "14 miles off Cheticamp",
        "number_of_profiles": 32,
        "meds_id": "18MU18042",
        "notes": null,
        "season": 2018,
        "vessel": 1
    }
},
{
    "model": "shared_models.cruise",
    "pk": 4,
    "fields": {
        "institute": 1,
        "mission_number": "MEQ2018COFFIN",
        "mission_name": "Marine Environmental Quality - Gulf Region 2018",
        "description": null,
        "chief_scientist": "Michael Coffin",
        "samplers": null,
        "start_date": "2018-07-10T00:00:00-03:00",
        "end_date": "2018-09-12T00:00:00-03:00",
        "probe": 2,
        "area_of_operation": "Cocagne, NB / Pugwash, NS",
        "number_of_profiles": 132,
        "meds_id": null,
        "notes": null,
        "season": 2018,
        "vessel": null
    }
},
{
    "model": "shared_models.cruise",
    "pk": 5,
    "fields": {
        "institute": 1,
        "mission_number": "TEL2018196",
        "mission_name": "4T Southern Gulf of St. Lawrence Ecosystem Trawl Survey (RV Survey)",
        "description": null,
        "chief_scientist": "Nicolas Rolland / Daniel Ricard",
        "samplers": "Daniel Ricard, Nicolas Rolland, Jeff Spry, David Fishman, Kevin Pauley",
        "start_date": "2018-09-07T00:00:00-03:00",
        "end_date": "2018-10-01T00:00:00-03:00",
        "probe": 3,
        "area_of_operation": "Southern Gulf of St. Lawrence",
        "number_of_profiles": 104,
        "meds_id": "18TL18196",
        "notes": null,
        "season": 2018,
        "vessel": 2
    }
},
{
    "model": "shared_models.cruise",
    "pk": 6,
    "fields": {
        "institute": 1,
        "mission_number": "PER2018043",
        "mission_name": "Gulf Region, Herring 2018",
        "description": "Herring Survey in Bay des Chaleurs",
        "chief_scientist": "Francois Turcotte",
        "samplers": null,
        "start_date": "2018-09-26T00:00:00-03:00",
        "end_date": "2018-10-08T00:00:00-03:00",
        "probe": 4,
        "area_of_operation": "Bay des Chaleurs",
        "number_of_profiles": 6,
        "meds_id": "18MU18043",
        "notes": null,
        "season": 2018,
        "vessel": 1
    }
},
{
    "model": "shared_models.cruise",
    "pk": 7,
    "fields": {
        "institute": 1,
        "mission_number": "GLFSCTD2018",
        "mission_name": "Snow Crab Survey (Jean Mathieu)",
        "description": null,
        "chief_scientist": "Marcel Hebert",
        "samplers": "Maxime ouellet, Rita Cormier, Sylvie Robichaud, Janice Fennel, Curtis Dinn, Amelie Rondeau",
        "start_date": "2018-07-19T00:00:00-03:00",
        "end_date": "2018-09-16T00:00:00-03:00",
        "probe": 4,
        "area_of_operation": "Area 12,12E,12F AND 19",
        "number_of_profiles": 352,
        "meds_id": null,
        "notes": null,
        "season": 2018,
        "vessel": 3
    }
},
{
    "model": "shared_models.cruise",
    "pk": 8,
    "fields": {
        "institute": 1,
        "mission_number": "BASIN2018NADEAU",
        "mission_name": "Basin Head",
        "description": null,
        "chief_scientist": "Andre Nadeau",
        "samplers": null,
        "start_date": "2018-05-31T00:00:00-03:00",
        "end_date": "2018-09-27T00:00:00-03:00",
        "probe": 5,
        "area_of_operation": "Basin Head",
        "number_of_profiles": 16,
        "meds_id": null,
        "notes": null,
        "season": 2018,
        "vessel": 4
    }
},
{
    "model": "shared_models.cruise",
    "pk": 9,
    "fields": {
        "institute": 1,
        "mission_number": "PER2018127",
        "mission_name": "2018 Gulf Region Scallop Survey",
        "description": "2018 Scallop Survey conducted in the Northumberland Strait, Southern Gulf of St. Lawrence",
        "chief_scientist": "Monique Niles",
        "samplers": "Monique Niles and Thomas Guyondet",
        "start_date": "2018-05-18T00:00:00-03:00",
        "end_date": "2018-05-29T00:00:00-03:00",
        "probe": 1,
        "area_of_operation": "Northumberland Strait",
        "number_of_profiles": 16,
        "meds_id": null,
        "notes": null,
        "season": 2018,
        "vessel": 1
    }
},
{
    "model": "shared_models.cruise",
    "pk": 10,
    "fields": {
        "institute": 1,
        "mission_number": "2004",
        "mission_name": "Northumberland Strait Survey",
        "description": "THIS IS A PLACEHOLDER UNTIL REAL DETAILS ARE ENTERED",
        "chief_scientist": "UNK",
        "samplers": null,
        "start_date": "2004-01-01T00:00:00-04:00",
        "end_date": null,
        "probe": null,
        "area_of_operation": "Northumberland Straight",
        "number_of_profiles": null,
        "meds_id": null,
        "notes": "THIS IS A PLACEHOLDER UNTIL REAL DETAILS ARE ENTERED",
        "season": 2004,
        "vessel": null
    }
},
{
    "model": "shared_models.cruise",
    "pk": 11,
    "fields": {
        "institute": 1,
        "mission_number": "2005",
        "mission_name": "Northumberland Strait Survey",
        "description": "THIS IS A PLACEHOLDER UNTIL REAL DETAILS ARE ENTERED",
        "chief_scientist": "UNK",
        "samplers": null,
        "start_date": "2005-01-01T00:00:00-04:00",
        "end_date": null,
        "probe": null,
        "area_of_operation": "Northumberland Straight",
        "number_of_profiles": null,
        "meds_id": null,
        "notes": "THIS IS A PLACEHOLDER UNTIL REAL DETAILS ARE ENTERED",
        "season": 2005,
        "vessel": null
    }
},
{
    "model": "shared_models.cruise",
    "pk": 12,
    "fields": {
        "institute": 1,
        "mission_number": "2006",
        "mission_name": "Northumberland Strait Survey",
        "description": "THIS IS A PLACEHOLDER UNTIL REAL DETAILS ARE ENTERED",
        "chief_scientist": "UNK",
        "samplers": null,
        "start_date": "2006-01-01T00:00:00-04:00",
        "end_date": null,
        "probe": null,
        "area_of_operation": "Northumberland Straight",
        "number_of_profiles": null,
        "meds_id": null,
        "notes": "THIS IS A PLACEHOLDER UNTIL REAL DETAILS ARE ENTERED",
        "season": 2006,
        "vessel": null
    }
},
{
    "model": "shared_models.cruise",
    "pk": 13,
    "fields": {
        "institute": 1,
        "mission_number": "2008",
        "mission_name": "Northumberland Strait Survey",
        "description": "THIS IS A PLACEHOLDER UNTIL REAL DETAILS ARE ENTERED",
        "chief_scientist": "UNK",
        "samplers": null,
        "start_date": "2008-01-01T00:00:00-04:00",
        "end_date": null,
        "probe": null,
        "area_of_operation": "Northumberland Straight",
        "number_of_profiles": null,
        "meds_id": null,
        "notes": "THIS IS A PLACEHOLDER UNTIL REAL DETAILS ARE ENTERED",
        "season": 2008,
        "vessel": null
    }
},
{
    "model": "shared_models.cruise",
    "pk": 14,
    "fields": {
        "institute": 1,
        "mission_number": "2004",
        "mission_name": "4T Southern Gulf of St. Lawrence Ecosystem Trawl Survey (RV Survey)",
        "description": "THIS IS A PLACEHOLDER UNTIL REAL DETAILS ARE ENTERED",
        "chief_scientist": "UNK",
        "samplers": null,
        "start_date": "2004-01-01T00:00:00-04:00",
        "end_date": null,
        "probe": null,
        "area_of_operation": "sGSL",
        "number_of_profiles": null,
        "meds_id": null,
        "notes": "THIS IS A PLACEHOLDER UNTIL REAL DETAILS ARE ENTERED",
        "season": 2004,
        "vessel": null
    }
},
{
    "model": "shared_models.cruise",
    "pk": 15,
    "fields": {
        "institute": 1,
        "mission_number": "2005",
        "mission_name": "4T Southern Gulf of St. Lawrence Ecosystem Trawl Survey (RV Survey)",
        "description": "THIS IS A PLACEHOLDER UNTIL REAL DETAILS ARE ENTERED",
        "chief_scientist": "UNK",
        "samplers": null,
        "start_date": "2005-01-01T00:00:00-04:00",
        "end_date": null,
        "probe": null,
        "area_of_operation": "sGSL",
        "number_of_profiles": null,
        "meds_id": null,
        "notes": "THIS IS A PLACEHOLDER UNTIL REAL DETAILS ARE ENTERED",
        "season": 2005,
        "vessel": null
    }
},
{
    "model": "shared_models.cruise",
    "pk": 16,
    "fields": {
        "institute": 1,
        "mission_number": "2006",
        "mission_name": "4T Southern Gulf of St. Lawrence Ecosystem Trawl Survey (RV Survey)",
        "description": "THIS IS A PLACEHOLDER UNTIL REAL DETAILS ARE ENTERED",
        "chief_scientist": "UNK",
        "samplers": null,
        "start_date": "2006-01-01T00:00:00-04:00",
        "end_date": null,
        "probe": null,
        "area_of_operation": "sGSL",
        "number_of_profiles": null,
        "meds_id": null,
        "notes": "THIS IS A PLACEHOLDER UNTIL REAL DETAILS ARE ENTERED",
        "season": 2006,
        "vessel": null
    }
},
{
    "model": "shared_models.cruise",
    "pk": 17,
    "fields": {
        "institute": 1,
        "mission_number": "2007",
        "mission_name": "4T Southern Gulf of St. Lawrence Ecosystem Trawl Survey (RV Survey)",
        "description": "THIS IS A PLACEHOLDER UNTIL REAL DETAILS ARE ENTERED",
        "chief_scientist": "UNK",
        "samplers": null,
        "start_date": "2007-01-01T00:00:00-04:00",
        "end_date": null,
        "probe": null,
        "area_of_operation": "sGSL",
        "number_of_profiles": null,
        "meds_id": null,
        "notes": "THIS IS A PLACEHOLDER UNTIL REAL DETAILS ARE ENTERED",
        "season": 2007,
        "vessel": null
    }
},
{
    "model": "shared_models.cruise",
    "pk": 18,
    "fields": {
        "institute": 1,
        "mission_number": "2006",
        "mission_name": "Cod Condition Survey",
        "description": "THIS IS A PLACEHOLDER UNTIL REAL DETAILS ARE ENTERED",
        "chief_scientist": "UNK",
        "samplers": null,
        "start_date": "2006-01-01T00:00:00-04:00",
        "end_date": null,
        "probe": null,
        "area_of_operation": "sGSL",
        "number_of_profiles": null,
        "meds_id": null,
        "notes": "THIS IS A PLACEHOLDER UNTIL REAL DETAILS ARE ENTERED",
        "season": 2006,
        "vessel": null
    }
},
{
    "model": "shared_models.cruise",
    "pk": 19,
    "fields": {
        "institute": 1,
        "mission_number": "2008",
        "mission_name": "Cod Condition Survey",
        "description": "THIS IS A PLACEHOLDER UNTIL REAL DETAILS ARE ENTERED",
        "chief_scientist": "UNK",
        "samplers": null,
        "start_date": "2008-01-01T00:00:00-04:00",
        "end_date": null,
        "probe": null,
        "area_of_operation": "sGSL",
        "number_of_profiles": null,
        "meds_id": null,
        "notes": "THIS IS A PLACEHOLDER UNTIL REAL DETAILS ARE ENTERED",
        "season": 2008,
        "vessel": null
    }
},
{
    "model": "shared_models.cruise",
    "pk": 20,
    "fields": {
        "institute": 1,
        "mission_number": "2008",
        "mission_name": "4T Southern Gulf of St. Lawrence Ecosystem Trawl Survey (RV Survey)",
        "description": "THIS IS A PLACEHOLDER UNTIL REAL DETAILS ARE ENTERED",
        "chief_scientist": "UNK",
        "samplers": null,
        "start_date": "2008-01-01T00:00:00-04:00",
        "end_date": null,
        "probe": null,
        "area_of_operation": "sGSL",
        "number_of_profiles": null,
        "meds_id": null,
        "notes": "THIS IS A PLACEHOLDER UNTIL REAL DETAILS ARE ENTERED",
        "season": 2008,
        "vessel": null
    }
},
{
    "model": "shared_models.cruise",
    "pk": 21,
    "fields": {
        "institute": 1,
        "mission_number": "PER2019140",
        "mission_name": "2019 Northumberland Strait multi-species survey (Gulf Region)",
        "description": "multi-species survey trawl survey in sGSL",
        "chief_scientist": "Natalie Asselin",
        "samplers": "Patricia Hanley",
        "start_date": "2019-07-09T00:00:00-03:00",
        "end_date": "2019-08-09T00:00:00-03:00",
        "probe": 1,
        "area_of_operation": "Northumberland Strait",
        "number_of_profiles": null,
        "meds_id": null,
        "notes": null,
        "season": 2019,
        "vessel": 1
    }
},
{
    "model": "shared_models.cruise",
    "pk": 22,
    "fields": {
        "institute": 1,
        "mission_number": "PER2019008",
        "mission_name": "2019 Western Cape Breton Snow Crab Tagging Project",
        "description": "Snow crab tagging, CTD casts, water samples, plankton samples (vertical and horizontal)",
        "chief_scientist": "unk",
        "samplers": "Renee Allain/Mikio Moriyasu",
        "start_date": "2019-08-15T00:00:00-03:00",
        "end_date": "2019-08-18T00:00:00-03:00",
        "probe": 1,
        "area_of_operation": "Western Cape Breton",
        "number_of_profiles": null,
        "meds_id": null,
        "notes": null,
        "season": 2019,
        "vessel": null
    }
},
{
    "model": "shared_models.cruise",
    "pk": 23,
    "fields": {
        "institute": 1,
        "mission_number": "TEL2019201",
        "mission_name": "4T Southern Gulf of St. Lawrence Ecosystem Trawl Survey (RV Survey)",
        "description": "September 2019 4T Southern Gulf of St. Lawrence Ecosystem Trawl Survey (RV Survey)",
        "chief_scientist": "Nicolas Rolland / Daniel Ricard",
        "samplers": "Jeff Spry, David Fishman, Kevin Pauley, Pablo Vergara",
        "start_date": "2019-09-05T00:00:00-03:00",
        "end_date": "2019-10-02T00:00:00-03:00",
        "probe": 3,
        "area_of_operation": "Southern Gulf of St-Lawrence",
        "number_of_profiles": null,
        "meds_id": null,
        "notes": "Data collected by DFO-Moncton, QCed by IML",
        "season": 2019,
        "vessel": 2
    }
},
{
    "model": "shared_models.cruise",
    "pk": 24,
    "fields": {
        "institute": 1,
        "mission_number": "GLFSNOW2019",
        "mission_name": "Snow Crab Survey",
        "description": "Annual sbow crab trawl survey and related bycatch species",
        "chief_scientist": "Marcel Hebert",
        "samplers": "Jean Fran\u00e7ois Landry, Marcel H\u00e9bert, Yves Larocque and Murray McWilliams",
        "start_date": "2019-07-12T00:00:00-03:00",
        "end_date": "2019-09-25T00:00:00-03:00",
        "probe": 4,
        "area_of_operation": "Area 12",
        "number_of_profiles": 337,
        "meds_id": null,
        "notes": "We lost the CTD at sea towards the end of our survey and weren\u2019t able to get the last 15 profiles.  No water samples were collected at these stations.",
        "season": 2019,
        "vessel": 5
    }
},
{
    "model": "shared_models.institute",
    "pk": 1,
    "fields": {
        "name": "Gulf Fisheries Centre / Centre des peches du Golfe",
        "nom": null,
        "abbrev": "GFC"
    }
},
{
    "model": "shared_models.institute",
    "pk": 2,
    "fields": {
        "name": "Prince Edward Island, Forests Fish and Wildlife Division",
        "nom": null,
        "abbrev": "PEIFW"
    }
},
{
    "model": "shared_models.region",
    "pk": 1,
    "fields": {
        "name": "Gulf",
        "nom": "Golfe",
        "abbrev": "GULF",
        "head": null,
        "date_last_modified": "2019-10-11T10:35:05.785-03:00",
        "last_modified_by": null
    }
},
{
    "model": "shared_models.region",
    "pk": 2,
    "fields": {
        "name": "Maritimes",
        "nom": "Maritimes",
        "abbrev": "MAR",
        "head": null,
        "date_last_modified": "2019-11-14T15:54:35.309-04:00",
        "last_modified_by": null
    }
},
{
    "model": "shared_models.region",
    "pk": 4,
    "fields": {
        "name": "Quebec",
        "nom": "Qu\u00e9bec",
        "abbrev": "QC",
        "head": null,
        "date_last_modified": "2019-03-21T12:38:57.553-03:00",
        "last_modified_by": null
    }
},
{
    "model": "shared_models.region",
    "pk": 5,
    "fields": {
        "name": "Newfoundland & Labrador",
        "nom": "Terre-Neuve-et-Labrador",
        "abbrev": "NL",
        "head": null,
        "date_last_modified": "2019-03-21T12:38:57.553-03:00",
        "last_modified_by": null
    }
},
{
    "model": "shared_models.region",
    "pk": 6,
    "fields": {
        "name": "National",
        "nom": "National",
        "abbrev": "NAT",
        "head": null,
        "date_last_modified": "2019-03-21T12:38:57.553-03:00",
        "last_modified_by": null
    }
},
{
    "model": "shared_models.region",
    "pk": 7,
    "fields": {
        "name": "Central & Arctic",
        "nom": "Centre et de l'Arctique",
        "abbrev": "C&A",
        "head": null,
        "date_last_modified": "2019-03-21T12:38:57.553-03:00",
        "last_modified_by": null
    }
},
{
    "model": "shared_models.region",
    "pk": 8,
    "fields": {
        "name": "Pacific",
        "nom": "Pacifique",
        "abbrev": "PAC",
        "head": null,
        "date_last_modified": "2019-03-21T12:38:57.553-03:00",
        "last_modified_by": null
    }
},
{
    "model": "shared_models.probe",
    "pk": 1,
    "fields": {
        "name": "SBE 25 CTD V 4.1c",
        "nom": null
    }
},
{
    "model": "shared_models.probe",
    "pk": 2,
    "fields": {
        "name": "EXO2 Multiparameter Sonde",
        "nom": null
    }
},
{
    "model": "shared_models.probe",
    "pk": 3,
    "fields": {
        "name": "SBE 25plus CTD",
        "nom": null
    }
},
{
    "model": "shared_models.probe",
    "pk": 4,
    "fields": {
        "name": "SBE 19plus V 2.5.2",
        "nom": null
    }
},
{
    "model": "shared_models.probe",
    "pk": 5,
    "fields": {
        "name": "INW TempHion, pH & ORP",
        "nom": null
    }
},
{
    "model": "shared_models.vessel",
    "pk": 1,
    "fields": {
        "name": "M. Perley",
        "call_sign": "CGMP"
    }
},
{
    "model": "shared_models.vessel",
    "pk": 2,
    "fields": {
        "name": "Teleost",
        "call_sign": "CGCB"
    }
},
{
    "model": "shared_models.vessel",
    "pk": 3,
    "fields": {
        "name": "Jean Mathieu",
        "call_sign": "VA8916"
    }
},
{
    "model": "shared_models.vessel",
    "pk": 4,
    "fields": {
        "name": "canoe",
        "call_sign": null
    }
},
{
    "model": "shared_models.vessel",
    "pk": 5,
    "fields": {
        "name": "AVALON VOYAGER II",
        "call_sign": null
    }
}
]
